record_id,channel,customer_message,agent_response,resolution_summary,created_at,resolved_at,product_area,issue_category,raw_text,audit_status,exclusion_reason,duplicate_group_id,anomaly_flags
NR-0001,chat,Messages tagged billing for our bakery still land in Unassigned after we changed the routing rule.,"Open Routing rules, move the billing rule above the catch-all rule, then run the preview against the last five messages before saving.",Rule order corrected; future billing messages route to the expected team.,2026-05-01T08:15:00Z,2026-05-01T09:05:00Z,inbox_routing,technical_troubleshooting,"Customer: Messages tagged billing for our bakery still land in Unassigned after we changed the routing rule.
Agent: Open Routing rules, move the billing rule above the catch-all rule, then run the preview against the last five messages before saving.
Resolution: Rule order corrected; future billing messages route to the expected team.",keep,,DUP-ROUTE-001,
NR-0002,email,We need after-hours web leads for the bakery to create a manager task and send an SMS summary.,"Create an automation with the after-hours schedule, add the task action first, then add the SMS summary action with the lead name and source fields.",After-hours automation configured with task creation and SMS summary.,2026-05-02T09:15:00Z,2026-05-02T10:05:00Z,automations,configuration,"Subject: Northstar Relay support
Customer wrote: We need after-hours web leads for the bakery to create a manager task and send an SMS summary.
Support replied: Create an automation with the after-hours schedule, add the task action first, then add the SMS summary action with the lead name and source fields.",keep,,,
NR-0003,internal_note,The invoice receipt for our bakery shows the old billing contact name.,"Update the billing contact in Workspace billing, then regenerate the receipt from Billing history so the exported PDF uses the new name.",Billing contact updated and receipt regenerated from billing history.,2026-05-03T10:15:00Z,2026-05-03T11:05:00Z,billing,billing_question,"Case note. Customer problem: The invoice receipt for our bakery shows the old billing contact name. Support response: Update the billing contact in Workspace billing, then regenerate the receipt from Billing history so the exported PDF uses the new name. Outcome: Billing contact updated and receipt regenerated from billing history.",keep,,,note_derived
NR-0004,mixed,Shopfront orders are not creating Relay tasks for the bakery since yesterday.,"Reconnect the Shopfront integration, confirm task creation is enabled, and replay the failed order event from Integration logs.",Integration reconnected and failed order event replayed.,2026-05-04T11:15:00Z,2026-05-04T12:05:00Z,integrations,technical_troubleshooting,"MIXED THREAD :: user=Shopfront orders are not creating Relay tasks for the bakery since yesterday. :: assistant=Reconnect the Shopfront integration, confirm task creation is enabled, and replay the failed order event from Integration logs. :: outcome=Integration reconnected and failed order event replayed.",keep,,,mixed_format_source
NR-0005,chat,The weekly response report for the bakery is missing closed chat conversations.,"Edit the report filter, include chat as a source, and set conversation status to closed plus resolved so the export matches support totals.",Report filter updated to include closed chat conversations.,2026-05-05T12:15:00Z,2026-05-05T13:05:00Z,reporting,how_to,"Customer: The weekly response report for the bakery is missing closed chat conversations.
Agent: Edit the report filter, include chat as a source, and set conversation status to closed plus resolved so the export matches support totals.
Resolution: Report filter updated to include closed chat conversations.",keep,,,
NR-0006,email,Push notifications for our bakery arrive late on Android but desktop alerts are instant.,"Check that battery optimization is disabled for Northstar Relay, then refresh the device registration from Mobile settings.",Mobile device registration refreshed after battery optimization check.,2026-05-06T13:15:00Z,2026-05-06T14:05:00Z,mobile_app,technical_troubleshooting,"Subject: Northstar Relay support
Customer wrote: Push notifications for our bakery arrive late on Android but desktop alerts are instant.
Support replied: Check that battery optimization is disabled for Northstar Relay, then refresh the device registration from Mobile settings.",keep,,,
NR-0007,internal_note,A new teammate at the bakery cannot accept the invite after we changed domains.,"Cancel the pending invite, send a new invite to the current domain, and ask the teammate to open it in a private browser window.",Invite resent for the current domain and pending stale invite removed.,2026-05-07T14:15:00Z,2026-05-07T15:05:00Z,user_management,account_access,"Case note. Customer problem: A new teammate at the bakery cannot accept the invite after we changed domains. Support response: Cancel the pending invite, send a new invite to the current domain, and ask the teammate to open it in a private browser window. Outcome: Invite resent for the current domain and pending stale invite removed.",keep,,,note_derived
NR-0008,mixed,The bakery workspace shows appointments in the wrong local time.,"Set the workspace time zone under Settings, then refresh calendar sync so existing appointment cards display in the local time.",Workspace time zone corrected and calendar sync refreshed.,2026-05-08T15:15:00Z,2026-05-08T16:05:00Z,workspace_settings,configuration,"MIXED THREAD :: user=The bakery workspace shows appointments in the wrong local time. :: assistant=Set the workspace time zone under Settings, then refresh calendar sync so existing appointment cards display in the local time. :: outcome=Workspace time zone corrected and calendar sync refreshed.",keep,,,mixed_format_source
NR-0009,chat,Can we pin VIP customer messages for the bakery above the regular inbox queue?,"Add a VIP tag rule with priority inbox placement, then turn on pinned queue view for the support team.",VIP tag rule added and pinned queue view enabled.,2026-05-09T16:15:00Z,2026-05-09T17:05:00Z,inbox_routing,how_to,"Customer: Can we pin VIP customer messages for the bakery above the regular inbox queue?
Agent: Add a VIP tag rule with priority inbox placement, then turn on pinned queue view for the support team.
Resolution: VIP tag rule added and pinned queue view enabled.",keep,,,
NR-0010,email,Our reminder automation for the bakery sends twice when a customer replies quickly.,Add a condition that skips the reminder if the conversation received a customer reply after the trigger time.,Reminder automation updated with a reply-after-trigger condition.,2026-05-10T08:15:00Z,2026-05-10T09:05:00Z,automations,technical_troubleshooting,"Subject: Northstar Relay support
Customer wrote: Our reminder automation for the bakery sends twice when a customer replies quickly.
Support replied: Add a condition that skips the reminder if the conversation received a customer reply after the trigger time.",keep,,,
NR-0011,email,Messages tagged urgent for our clinic still land in Unassigned after we changed the routing rule.,"Open Routing rules, move the urgent rule above the catch-all rule, then run the preview against the last five messages before saving.",Rule order corrected; future urgent messages route to the expected team.,2026-05-11T09:15:00Z,2026-05-11T10:05:00Z,inbox_routing,technical_troubleshooting,"Subject: Northstar Relay support
Customer wrote: Messages tagged urgent for our clinic still land in Unassigned after we changed the routing rule.
Support replied: Open Routing rules, move the urgent rule above the catch-all rule, then run the preview against the last five messages before saving.",keep,,,
NR-0012,internal_note,We need after-hours web leads for the clinic to create a manager task and send an SMS summary.,"Create an automation with the after-hours schedule, add the task action first, then add the SMS summary action with the lead name and source fields.",After-hours automation configured with task creation and SMS summary.,2026-05-12T10:15:00Z,2026-05-12T11:05:00Z,automations,configuration,"Case note. Customer problem: We need after-hours web leads for the clinic to create a manager task and send an SMS summary. Support response: Create an automation with the after-hours schedule, add the task action first, then add the SMS summary action with the lead name and source fields. Outcome: After-hours automation configured with task creation and SMS summary.",keep,,,note_derived
NR-0013,mixed,The invoice receipt for our clinic shows the old billing contact name.,"Update the billing contact in Workspace billing, then regenerate the receipt from Billing history so the exported PDF uses the new name.",Billing contact updated and receipt regenerated from billing history.,2026-05-13T11:15:00Z,2026-05-13T12:05:00Z,billing,billing_question,"MIXED THREAD :: user=The invoice receipt for our clinic shows the old billing contact name. :: assistant=Update the billing contact in Workspace billing, then regenerate the receipt from Billing history so the exported PDF uses the new name. :: outcome=Billing contact updated and receipt regenerated from billing history.",keep,,DUP-BILL-001,mixed_format_source
NR-0014,chat,Shopfront orders are not creating Relay tasks for the clinic since yesterday.,"Reconnect the Shopfront integration, confirm task creation is enabled, and replay the failed order event from Integration logs.",Integration reconnected and failed order event replayed.,2026-05-14T12:15:00Z,2026-05-14T13:05:00Z,integrations,technical_troubleshooting,"Customer: Shopfront orders are not creating Relay tasks for the clinic since yesterday.
Agent: Reconnect the Shopfront integration, confirm task creation is enabled, and replay the failed order event from Integration logs.
Resolution: Integration reconnected and failed order event replayed.",keep,,,
NR-0015,email,The weekly response report for the clinic is missing closed chat conversations.,"Edit the report filter, include chat as a source, and set conversation status to closed plus resolved so the export matches support totals.",Report filter updated to include closed chat conversations.,2026-05-15T13:15:00Z,2026-05-15T14:05:00Z,reporting,how_to,"Subject: Northstar Relay support
Customer wrote: The weekly response report for the clinic is missing closed chat conversations.
Support replied: Edit the report filter, include chat as a source, and set conversation status to closed plus resolved so the export matches support totals.",keep,,,
NR-0016,internal_note,Push notifications for our clinic arrive late on Android but desktop alerts are instant.,"Check that battery optimization is disabled for Northstar Relay, then refresh the device registration from Mobile settings.",Mobile device registration refreshed after battery optimization check.,2026-05-16T14:15:00Z,2026-05-16T15:05:00Z,mobile_app,technical_troubleshooting,"Case note. Customer problem: Push notifications for our clinic arrive late on Android but desktop alerts are instant. Support response: Check that battery optimization is disabled for Northstar Relay, then refresh the device registration from Mobile settings. Outcome: Mobile device registration refreshed after battery optimization check.",keep,,,note_derived
NR-0017,mixed,A new teammate at the clinic cannot accept the invite after we changed domains.,"Cancel the pending invite, send a new invite to the current domain, and ask the teammate to open it in a private browser window.",Invite resent for the current domain and pending stale invite removed.,2026-05-17T15:15:00Z,2026-05-17T16:05:00Z,user_management,account_access,"MIXED THREAD :: user=A new teammate at the clinic cannot accept the invite after we changed domains. :: assistant=Cancel the pending invite, send a new invite to the current domain, and ask the teammate to open it in a private browser window. :: outcome=Invite resent for the current domain and pending stale invite removed.",keep,,,mixed_format_source
NR-0018,chat,The clinic workspace shows appointments in the wrong local time.,"Set the workspace time zone under Settings, then refresh calendar sync so existing appointment cards display in the local time.",Workspace time zone corrected and calendar sync refreshed.,2026-05-18T16:15:00Z,2026-05-18T17:05:00Z,workspace_settings,configuration,"Customer: The clinic workspace shows appointments in the wrong local time.
Agent: Set the workspace time zone under Settings, then refresh calendar sync so existing appointment cards display in the local time.
Resolution: Workspace time zone corrected and calendar sync refreshed.",keep,,,
NR-0019,email,Can we pin VIP customer messages for the clinic above the regular inbox queue?,"Add a VIP tag rule with priority inbox placement, then turn on pinned queue view for the support team.",VIP tag rule added and pinned queue view enabled.,2026-05-19T08:15:00Z,2026-05-19T09:05:00Z,inbox_routing,how_to,"Subject: Northstar Relay support
Customer wrote: Can we pin VIP customer messages for the clinic above the regular inbox queue?
Support replied: Add a VIP tag rule with priority inbox placement, then turn on pinned queue view for the support team.",keep,,,
NR-0020,internal_note,Our reminder automation for the clinic sends twice when a customer replies quickly.,Add a condition that skips the reminder if the conversation received a customer reply after the trigger time.,Reminder automation updated with a reply-after-trigger condition.,2026-05-20T09:15:00Z,2026-05-20T10:05:00Z,automations,technical_troubleshooting,Case note. Customer problem: Our reminder automation for the clinic sends twice when a customer replies quickly. Support response: Add a condition that skips the reminder if the conversation received a customer reply after the trigger time. Outcome: Reminder automation updated with a reply-after-trigger condition.,keep,,,note_derived
NR-0021,internal_note,Messages tagged wholesale for our repair shop still land in Unassigned after we changed the routing rule.,"Open Routing rules, move the wholesale rule above the catch-all rule, then run the preview against the last five messages before saving.",Rule order corrected; future wholesale messages route to the expected team.,2026-05-21T10:15:00Z,2026-05-21T11:05:00Z,inbox_routing,technical_troubleshooting,"Case note. Customer problem: Messages tagged wholesale for our repair shop still land in Unassigned after we changed the routing rule. Support response: Open Routing rules, move the wholesale rule above the catch-all rule, then run the preview against the last five messages before saving. Outcome: Rule order corrected; future wholesale messages route to the expected team.",keep,,,note_derived
NR-0022,mixed,We need after-hours web leads for the repair shop to create a manager task and send an SMS summary.,"Create an automation with the after-hours schedule, add the task action first, then add the SMS summary action with the lead name and source fields.",After-hours automation configured with task creation and SMS summary.,2026-05-22T11:15:00Z,2026-05-22T12:05:00Z,automations,configuration,"MIXED THREAD :: user=We need after-hours web leads for the repair shop to create a manager task and send an SMS summary. :: assistant=Create an automation with the after-hours schedule, add the task action first, then add the SMS summary action with the lead name and source fields. :: outcome=After-hours automation configured with task creation and SMS summary.",keep,,,mixed_format_source
NR-0023,chat,The invoice receipt for our repair shop shows the old billing contact name.,"Update the billing contact in Workspace billing, then regenerate the receipt from Billing history so the exported PDF uses the new name.",Billing contact updated and receipt regenerated from billing history.,2026-05-23T12:15:00Z,2026-05-23T13:05:00Z,billing,billing_question,"Customer: The invoice receipt for our repair shop shows the old billing contact name.
Agent: Update the billing contact in Workspace billing, then regenerate the receipt from Billing history so the exported PDF uses the new name.
Resolution: Billing contact updated and receipt regenerated from billing history.",keep,,,
NR-0024,email,Shopfront orders are not creating Relay tasks for the repair shop since yesterday.,"Reconnect the Shopfront integration, confirm task creation is enabled, and replay the failed order event from Integration logs.",Integration reconnected and failed order event replayed.,2026-05-24T13:15:00Z,2026-05-24T14:05:00Z,integrations,technical_troubleshooting,"Subject: Northstar Relay support
Customer wrote: Shopfront orders are not creating Relay tasks for the repair shop since yesterday.
Support replied: Reconnect the Shopfront integration, confirm task creation is enabled, and replay the failed order event from Integration logs.",keep,,,
NR-0025,internal_note,The weekly response report for the repair shop is missing closed chat conversations.,"Edit the report filter, include chat as a source, and set conversation status to closed plus resolved so the export matches support totals.",Report filter updated to include closed chat conversations.,2026-05-25T14:15:00Z,2026-05-25T15:05:00Z,reporting,how_to,"Case note. Customer problem: The weekly response report for the repair shop is missing closed chat conversations. Support response: Edit the report filter, include chat as a source, and set conversation status to closed plus resolved so the export matches support totals. Outcome: Report filter updated to include closed chat conversations.",keep,,,note_derived
NR-0026,mixed,Push notifications for our repair shop arrive late on Android but desktop alerts are instant.,"Check that battery optimization is disabled for Northstar Relay, then refresh the device registration from Mobile settings.",Mobile device registration refreshed after battery optimization check.,2026-05-26T15:15:00Z,2026-05-26T16:05:00Z,mobile_app,technical_troubleshooting,"MIXED THREAD :: user=Push notifications for our repair shop arrive late on Android but desktop alerts are instant. :: assistant=Check that battery optimization is disabled for Northstar Relay, then refresh the device registration from Mobile settings. :: outcome=Mobile device registration refreshed after battery optimization check.",keep,,,mixed_format_source
NR-0027,chat,A new teammate at the repair shop cannot accept the invite after we changed domains.,"Cancel the pending invite, send a new invite to the current domain, and ask the teammate to open it in a private browser window.",Invite resent for the current domain and pending stale invite removed.,2026-05-27T16:15:00Z,2026-05-27T17:05:00Z,user_management,account_access,"Customer: A new teammate at the repair shop cannot accept the invite after we changed domains.
Agent: Cancel the pending invite, send a new invite to the current domain, and ask the teammate to open it in a private browser window.
Resolution: Invite resent for the current domain and pending stale invite removed.",keep,,,
NR-0028,email,The repair shop workspace shows appointments in the wrong local time.,"Set the workspace time zone under Settings, then refresh calendar sync so existing appointment cards display in the local time.",Workspace time zone corrected and calendar sync refreshed.,2026-05-28T08:15:00Z,2026-05-28T09:05:00Z,workspace_settings,configuration,"Subject: Northstar Relay support
Customer wrote: The repair shop workspace shows appointments in the wrong local time.
Support replied: Set the workspace time zone under Settings, then refresh calendar sync so existing appointment cards display in the local time.",keep,,,
NR-0029,internal_note,Can we pin VIP customer messages for the repair shop above the regular inbox queue?,"Add a VIP tag rule with priority inbox placement, then turn on pinned queue view for the support team.",VIP tag rule added and pinned queue view enabled.,2026-05-01T09:15:00Z,2026-05-01T10:05:00Z,inbox_routing,how_to,"Case note. Customer problem: Can we pin VIP customer messages for the repair shop above the regular inbox queue? Support response: Add a VIP tag rule with priority inbox placement, then turn on pinned queue view for the support team. Outcome: VIP tag rule added and pinned queue view enabled.",keep,,,note_derived
NR-0030,mixed,Our reminder automation for the repair shop sends twice when a customer replies quickly.,Add a condition that skips the reminder if the conversation received a customer reply after the trigger time.,Reminder automation updated with a reply-after-trigger condition.,2026-05-02T10:15:00Z,2026-05-02T11:05:00Z,automations,technical_troubleshooting,MIXED THREAD :: user=Our reminder automation for the repair shop sends twice when a customer replies quickly. :: assistant=Add a condition that skips the reminder if the conversation received a customer reply after the trigger time. :: outcome=Reminder automation updated with a reply-after-trigger condition.,keep,,,mixed_format_source
NR-0031,mixed,Messages tagged callback for our design studio still land in Unassigned after we changed the routing rule.,"Open Routing rules, move the callback rule above the catch-all rule, then run the preview against the last five messages before saving.",Rule order corrected; future callback messages route to the expected team.,2026-05-03T11:15:00Z,2026-05-03T12:05:00Z,inbox_routing,technical_troubleshooting,"MIXED THREAD :: user=Messages tagged callback for our design studio still land in Unassigned after we changed the routing rule. :: assistant=Open Routing rules, move the callback rule above the catch-all rule, then run the preview against the last five messages before saving. :: outcome=Rule order corrected; future callback messages route to the expected team.",keep,,,mixed_format_source
NR-0032,chat,We need after-hours web leads for the design studio to create a manager task and send an SMS summary.,"Create an automation with the after-hours schedule, add the task action first, then add the SMS summary action with the lead name and source fields.",After-hours automation configured with task creation and SMS summary.,2026-05-04T12:15:00Z,2026-05-04T13:05:00Z,automations,configuration,"Customer: We need after-hours web leads for the design studio to create a manager task and send an SMS summary.
Agent: Create an automation with the after-hours schedule, add the task action first, then add the SMS summary action with the lead name and source fields.
Resolution: After-hours automation configured with task creation and SMS summary.",keep,,,
NR-0033,email,The invoice receipt for our design studio shows the old billing contact name.,"Update the billing contact in Workspace billing, then regenerate the receipt from Billing history so the exported PDF uses the new name.",Billing contact updated and receipt regenerated from billing history.,2026-05-05T13:15:00Z,2026-05-05T14:05:00Z,billing,billing_question,"Subject: Northstar Relay support
Customer wrote: The invoice receipt for our design studio shows the old billing contact name.
Support replied: Update the billing contact in Workspace billing, then regenerate the receipt from Billing history so the exported PDF uses the new name.",keep,,,
NR-0034,internal_note,Shopfront orders are not creating Relay tasks for the design studio since yesterday.,"Reconnect the Shopfront integration, confirm task creation is enabled, and replay the failed order event from Integration logs.",Integration reconnected and failed order event replayed.,2026-05-06T14:15:00Z,2026-05-06T15:05:00Z,integrations,technical_troubleshooting,"Case note. Customer problem: Shopfront orders are not creating Relay tasks for the design studio since yesterday. Support response: Reconnect the Shopfront integration, confirm task creation is enabled, and replay the failed order event from Integration logs. Outcome: Integration reconnected and failed order event replayed.",keep,,,note_derived
NR-0035,mixed,The weekly response report for the design studio is missing closed chat conversations.,"Edit the report filter, include chat as a source, and set conversation status to closed plus resolved so the export matches support totals.",Report filter updated to include closed chat conversations.,2026-05-07T15:15:00Z,2026-05-07T16:05:00Z,reporting,how_to,"MIXED THREAD :: user=The weekly response report for the design studio is missing closed chat conversations. :: assistant=Edit the report filter, include chat as a source, and set conversation status to closed plus resolved so the export matches support totals. :: outcome=Report filter updated to include closed chat conversations.",keep,,,mixed_format_source
NR-0036,chat,Push notifications for our design studio arrive late on Android but desktop alerts are instant.,"Check that battery optimization is disabled for Northstar Relay, then refresh the device registration from Mobile settings.",Mobile device registration refreshed after battery optimization check.,2026-05-08T16:15:00Z,2026-05-08T17:05:00Z,mobile_app,technical_troubleshooting,"Customer: Push notifications for our design studio arrive late on Android but desktop alerts are instant.
Agent: Check that battery optimization is disabled for Northstar Relay, then refresh the device registration from Mobile settings.
Resolution: Mobile device registration refreshed after battery optimization check.",keep,,,
NR-0037,email,A new teammate at the design studio cannot accept the invite after we changed domains.,"Cancel the pending invite, send a new invite to the current domain, and ask the teammate to open it in a private browser window.",Invite resent for the current domain and pending stale invite removed.,2026-05-09T08:15:00Z,2026-05-09T09:05:00Z,user_management,account_access,"Subject: Northstar Relay support
Customer wrote: A new teammate at the design studio cannot accept the invite after we changed domains.
Support replied: Cancel the pending invite, send a new invite to the current domain, and ask the teammate to open it in a private browser window.",keep,,,
NR-0038,internal_note,The design studio workspace shows appointments in the wrong local time.,"Set the workspace time zone under Settings, then refresh calendar sync so existing appointment cards display in the local time.",Workspace time zone corrected and calendar sync refreshed.,2026-05-10T09:15:00Z,2026-05-10T10:05:00Z,workspace_settings,configuration,"Case note. Customer problem: The design studio workspace shows appointments in the wrong local time. Support response: Set the workspace time zone under Settings, then refresh calendar sync so existing appointment cards display in the local time. Outcome: Workspace time zone corrected and calendar sync refreshed.",keep,,,note_derived
NR-0039,mixed,Can we pin VIP customer messages for the design studio above the regular inbox queue?,"Add a VIP tag rule with priority inbox placement, then turn on pinned queue view for the support team.",VIP tag rule added and pinned queue view enabled.,2026-05-11T10:15:00Z,2026-05-11T11:05:00Z,inbox_routing,how_to,"MIXED THREAD :: user=Can we pin VIP customer messages for the design studio above the regular inbox queue? :: assistant=Add a VIP tag rule with priority inbox placement, then turn on pinned queue view for the support team. :: outcome=VIP tag rule added and pinned queue view enabled.",keep,,,mixed_format_source
NR-0040,chat,Our reminder automation for the design studio sends twice when a customer replies quickly.,Add a condition that skips the reminder if the conversation received a customer reply after the trigger time.,Reminder automation updated with a reply-after-trigger condition.,2026-05-12T11:15:00Z,2026-05-12T12:05:00Z,automations,technical_troubleshooting,"Customer: Our reminder automation for the design studio sends twice when a customer replies quickly.
Agent: Add a condition that skips the reminder if the conversation received a customer reply after the trigger time.
Resolution: Reminder automation updated with a reply-after-trigger condition.",keep,,,
NR-0041,chat,Messages tagged billing for our pet groomer still land in Unassigned after we changed the routing rule.,"Open Routing rules, move the billing rule above the catch-all rule, then run the preview against the last five messages before saving.",Rule order corrected; future billing messages route to the expected team.,2026-05-13T12:15:00Z,2026-05-13T13:05:00Z,inbox_routing,technical_troubleshooting,"Customer: Messages tagged billing for our pet groomer still land in Unassigned after we changed the routing rule.
Agent: Open Routing rules, move the billing rule above the catch-all rule, then run the preview against the last five messages before saving.
Resolution: Rule order corrected; future billing messages route to the expected team.",keep,,,
NR-0042,email,We need after-hours web leads for the pet groomer to create a manager task and send an SMS summary.,"Create an automation with the after-hours schedule, add the task action first, then add the SMS summary action with the lead name and source fields.",After-hours automation configured with task creation and SMS summary.,2026-05-14T13:15:00Z,2026-05-14T14:05:00Z,automations,configuration,"Subject: Northstar Relay support
Customer wrote: We need after-hours web leads for the pet groomer to create a manager task and send an SMS summary.
Support replied: Create an automation with the after-hours schedule, add the task action first, then add the SMS summary action with the lead name and source fields.",keep,,,
NR-0043,internal_note,The invoice receipt for our pet groomer shows the old billing contact name.,"Update the billing contact in Workspace billing, then regenerate the receipt from Billing history so the exported PDF uses the new name.",Billing contact updated and receipt regenerated from billing history.,2026-05-15T14:15:00Z,2026-05-15T15:05:00Z,billing,billing_question,"Case note. Customer problem: The invoice receipt for our pet groomer shows the old billing contact name. Support response: Update the billing contact in Workspace billing, then regenerate the receipt from Billing history so the exported PDF uses the new name. Outcome: Billing contact updated and receipt regenerated from billing history.",keep,,,note_derived
NR-0044,mixed,Shopfront orders are not creating Relay tasks for the pet groomer since yesterday.,"Reconnect the Shopfront integration, confirm task creation is enabled, and replay the failed order event from Integration logs.",Integration reconnected and failed order event replayed.,2026-05-16T15:15:00Z,2026-05-16T16:05:00Z,integrations,technical_troubleshooting,"MIXED THREAD :: user=Shopfront orders are not creating Relay tasks for the pet groomer since yesterday. :: assistant=Reconnect the Shopfront integration, confirm task creation is enabled, and replay the failed order event from Integration logs. :: outcome=Integration reconnected and failed order event replayed.",keep,,,mixed_format_source
NR-0045,chat,The weekly response report for the pet groomer is missing closed chat conversations.,"Edit the report filter, include chat as a source, and set conversation status to closed plus resolved so the export matches support totals.",Report filter updated to include closed chat conversations.,2026-05-17T16:15:00Z,2026-05-17T17:05:00Z,reporting,how_to,"Customer: The weekly response report for the pet groomer is missing closed chat conversations.
Agent: Edit the report filter, include chat as a source, and set conversation status to closed plus resolved so the export matches support totals.
Resolution: Report filter updated to include closed chat conversations.",keep,,,
NR-0046,email,Push notifications for our pet groomer arrive late on Android but desktop alerts are instant.,"Check that battery optimization is disabled for Northstar Relay, then refresh the device registration from Mobile settings.",Mobile device registration refreshed after battery optimization check.,2026-05-18T08:15:00Z,2026-05-18T09:05:00Z,mobile_app,technical_troubleshooting,"Subject: Northstar Relay support
Customer wrote: Push notifications for our pet groomer arrive late on Android but desktop alerts are instant.
Support replied: Check that battery optimization is disabled for Northstar Relay, then refresh the device registration from Mobile settings.",keep,,,
NR-0047,internal_note,A new teammate at the pet groomer cannot accept the invite after we changed domains.,"Cancel the pending invite, send a new invite to the current domain, and ask the teammate to open it in a private browser window.",Invite resent for the current domain and pending stale invite removed.,2026-05-19T09:15:00Z,2026-05-19T10:05:00Z,user_management,account_access,"Case note. Customer problem: A new teammate at the pet groomer cannot accept the invite after we changed domains. Support response: Cancel the pending invite, send a new invite to the current domain, and ask the teammate to open it in a private browser window. Outcome: Invite resent for the current domain and pending stale invite removed.",keep,,,note_derived
NR-0048,mixed,The pet groomer workspace shows appointments in the wrong local time.,"Set the workspace time zone under Settings, then refresh calendar sync so existing appointment cards display in the local time.",Workspace time zone corrected and calendar sync refreshed.,2026-05-20T10:15:00Z,2026-05-20T11:05:00Z,workspace_settings,configuration,"MIXED THREAD :: user=The pet groomer workspace shows appointments in the wrong local time. :: assistant=Set the workspace time zone under Settings, then refresh calendar sync so existing appointment cards display in the local time. :: outcome=Workspace time zone corrected and calendar sync refreshed.",keep,,,mixed_format_source
NR-0049,chat,Can we pin VIP customer messages for the pet groomer above the regular inbox queue?,"Add a VIP tag rule with priority inbox placement, then turn on pinned queue view for the support team.",VIP tag rule added and pinned queue view enabled.,2026-05-21T11:15:00Z,2026-05-21T12:05:00Z,inbox_routing,how_to,"Customer: Can we pin VIP customer messages for the pet groomer above the regular inbox queue?
Agent: Add a VIP tag rule with priority inbox placement, then turn on pinned queue view for the support team.
Resolution: VIP tag rule added and pinned queue view enabled.",keep,,,
NR-0050,email,Our reminder automation for the pet groomer sends twice when a customer replies quickly.,Add a condition that skips the reminder if the conversation received a customer reply after the trigger time.,Reminder automation updated with a reply-after-trigger condition.,2026-05-22T12:15:00Z,2026-05-22T13:05:00Z,automations,technical_troubleshooting,"Subject: Northstar Relay support
Customer wrote: Our reminder automation for the pet groomer sends twice when a customer replies quickly.
Support replied: Add a condition that skips the reminder if the conversation received a customer reply after the trigger time.",keep,,,
NR-0051,email,Messages tagged urgent for our bookstore still land in Unassigned after we changed the routing rule.,"Open Routing rules, move the urgent rule above the catch-all rule, then run the preview against the last five messages before saving.",Rule order corrected; future urgent messages route to the expected team.,2026-05-23T13:15:00Z,2026-05-23T14:05:00Z,inbox_routing,technical_troubleshooting,"Subject: Northstar Relay support
Customer wrote: Messages tagged urgent for our bookstore still land in Unassigned after we changed the routing rule.
Support replied: Open Routing rules, move the urgent rule above the catch-all rule, then run the preview against the last five messages before saving.",keep,,,
NR-0052,internal_note,We need after-hours web leads for the bookstore to create a manager task and send an SMS summary.,"Create an automation with the after-hours schedule, add the task action first, then add the SMS summary action with the lead name and source fields.",After-hours automation configured with task creation and SMS summary.,2026-05-24T14:15:00Z,2026-05-24T15:05:00Z,automations,configuration,"Case note. Customer problem: We need after-hours web leads for the bookstore to create a manager task and send an SMS summary. Support response: Create an automation with the after-hours schedule, add the task action first, then add the SMS summary action with the lead name and source fields. Outcome: After-hours automation configured with task creation and SMS summary.",keep,,,note_derived
NR-0053,mixed,The invoice receipt for our bookstore shows the old billing contact name.,"Update the billing contact in Workspace billing, then regenerate the receipt from Billing history so the exported PDF uses the new name.",Billing contact updated and receipt regenerated from billing history.,2026-05-25T15:15:00Z,2026-05-25T16:05:00Z,billing,billing_question,"MIXED THREAD :: user=The invoice receipt for our bookstore shows the old billing contact name. :: assistant=Update the billing contact in Workspace billing, then regenerate the receipt from Billing history so the exported PDF uses the new name. :: outcome=Billing contact updated and receipt regenerated from billing history.",keep,,,mixed_format_source
NR-0054,chat,Shopfront orders are not creating Relay tasks for the bookstore since yesterday.,"Reconnect the Shopfront integration, confirm task creation is enabled, and replay the failed order event from Integration logs.",Integration reconnected and failed order event replayed.,2026-05-26T16:15:00Z,2026-05-26T17:05:00Z,integrations,technical_troubleshooting,"Customer: Shopfront orders are not creating Relay tasks for the bookstore since yesterday.
Agent: Reconnect the Shopfront integration, confirm task creation is enabled, and replay the failed order event from Integration logs.
Resolution: Integration reconnected and failed order event replayed.",keep,,,
NR-0055,email,The weekly response report for the bookstore is missing closed chat conversations.,"Edit the report filter, include chat as a source, and set conversation status to closed plus resolved so the export matches support totals.",Report filter updated to include closed chat conversations.,2026-05-27T08:15:00Z,2026-05-27T09:05:00Z,reporting,how_to,"Subject: Northstar Relay support
Customer wrote: The weekly response report for the bookstore is missing closed chat conversations.
Support replied: Edit the report filter, include chat as a source, and set conversation status to closed plus resolved so the export matches support totals.",keep,,,
NR-0056,internal_note,Push notifications for our bookstore arrive late on Android but desktop alerts are instant.,"Check that battery optimization is disabled for Northstar Relay, then refresh the device registration from Mobile settings.",Mobile device registration refreshed after battery optimization check.,2026-05-28T09:15:00Z,2026-05-28T10:05:00Z,mobile_app,technical_troubleshooting,"Case note. Customer problem: Push notifications for our bookstore arrive late on Android but desktop alerts are instant. Support response: Check that battery optimization is disabled for Northstar Relay, then refresh the device registration from Mobile settings. Outcome: Mobile device registration refreshed after battery optimization check.",keep,,,note_derived
NR-0057,mixed,A new teammate at the bookstore cannot accept the invite after we changed domains.,"Cancel the pending invite, send a new invite to the current domain, and ask the teammate to open it in a private browser window.",Invite resent for the current domain and pending stale invite removed.,2026-05-01T10:15:00Z,2026-05-01T11:05:00Z,user_management,account_access,"MIXED THREAD :: user=A new teammate at the bookstore cannot accept the invite after we changed domains. :: assistant=Cancel the pending invite, send a new invite to the current domain, and ask the teammate to open it in a private browser window. :: outcome=Invite resent for the current domain and pending stale invite removed.",keep,,,mixed_format_source
NR-0058,chat,The bookstore workspace shows appointments in the wrong local time.,"Set the workspace time zone under Settings, then refresh calendar sync so existing appointment cards display in the local time.",Workspace time zone corrected and calendar sync refreshed.,2026-05-02T11:15:00Z,2026-05-02T12:05:00Z,workspace_settings,configuration,"Customer: The bookstore workspace shows appointments in the wrong local time.
Agent: Set the workspace time zone under Settings, then refresh calendar sync so existing appointment cards display in the local time.
Resolution: Workspace time zone corrected and calendar sync refreshed.",keep,,,
NR-0059,email,Can we pin VIP customer messages for the bookstore above the regular inbox queue?,"Add a VIP tag rule with priority inbox placement, then turn on pinned queue view for the support team.",VIP tag rule added and pinned queue view enabled.,2026-05-03T12:15:00Z,2026-05-03T13:05:00Z,inbox_routing,how_to,"Subject: Northstar Relay support
Customer wrote: Can we pin VIP customer messages for the bookstore above the regular inbox queue?
Support replied: Add a VIP tag rule with priority inbox placement, then turn on pinned queue view for the support team.",keep,,,
NR-0060,internal_note,Our reminder automation for the bookstore sends twice when a customer replies quickly.,Add a condition that skips the reminder if the conversation received a customer reply after the trigger time.,Reminder automation updated with a reply-after-trigger condition.,2026-05-04T13:15:00Z,2026-05-04T14:05:00Z,automations,technical_troubleshooting,Case note. Customer problem: Our reminder automation for the bookstore sends twice when a customer replies quickly. Support response: Add a condition that skips the reminder if the conversation received a customer reply after the trigger time. Outcome: Reminder automation updated with a reply-after-trigger condition.,keep,,,note_derived
NR-0061,internal_note,Messages tagged wholesale for our coffee bar still land in Unassigned after we changed the routing rule.,"Open Routing rules, move the wholesale rule above the catch-all rule, then run the preview against the last five messages before saving.",Rule order corrected; future wholesale messages route to the expected team.,2026-05-05T14:15:00Z,2026-05-05T15:05:00Z,inbox_routing,technical_troubleshooting,"Case note. Customer problem: Messages tagged wholesale for our coffee bar still land in Unassigned after we changed the routing rule. Support response: Open Routing rules, move the wholesale rule above the catch-all rule, then run the preview against the last five messages before saving. Outcome: Rule order corrected; future wholesale messages route to the expected team.",keep,,,note_derived
NR-0062,mixed,We need after-hours web leads for the coffee bar to create a manager task and send an SMS summary.,"Create an automation with the after-hours schedule, add the task action first, then add the SMS summary action with the lead name and source fields.",After-hours automation configured with task creation and SMS summary.,2026-05-06T15:15:00Z,2026-05-06T16:05:00Z,automations,configuration,"MIXED THREAD :: user=We need after-hours web leads for the coffee bar to create a manager task and send an SMS summary. :: assistant=Create an automation with the after-hours schedule, add the task action first, then add the SMS summary action with the lead name and source fields. :: outcome=After-hours automation configured with task creation and SMS summary.",keep,,,mixed_format_source
NR-0063,chat,The invoice receipt for our coffee bar shows the old billing contact name.,"Update the billing contact in Workspace billing, then regenerate the receipt from Billing history so the exported PDF uses the new name.",Billing contact updated and receipt regenerated from billing history.,2026-05-07T16:15:00Z,2026-05-07T17:05:00Z,billing,billing_question,"Customer: The invoice receipt for our coffee bar shows the old billing contact name.
Agent: Update the billing contact in Workspace billing, then regenerate the receipt from Billing history so the exported PDF uses the new name.
Resolution: Billing contact updated and receipt regenerated from billing history.",keep,,,
NR-0064,email,Shopfront orders are not creating Relay tasks for the coffee bar since yesterday.,"Reconnect the Shopfront integration, confirm task creation is enabled, and replay the failed order event from Integration logs.",Integration reconnected and failed order event replayed.,2026-05-08T08:15:00Z,2026-05-08T09:05:00Z,integrations,technical_troubleshooting,"Subject: Northstar Relay support
Customer wrote: Shopfront orders are not creating Relay tasks for the coffee bar since yesterday.
Support replied: Reconnect the Shopfront integration, confirm task creation is enabled, and replay the failed order event from Integration logs.",keep,,,
NR-0065,internal_note,The weekly response report for the coffee bar is missing closed chat conversations.,"Edit the report filter, include chat as a source, and set conversation status to closed plus resolved so the export matches support totals.",Report filter updated to include closed chat conversations.,2026-05-09T09:15:00Z,2026-05-09T10:05:00Z,reporting,how_to,"Case note. Customer problem: The weekly response report for the coffee bar is missing closed chat conversations. Support response: Edit the report filter, include chat as a source, and set conversation status to closed plus resolved so the export matches support totals. Outcome: Report filter updated to include closed chat conversations.",keep,,,note_derived
NR-0066,mixed,Push notifications for our coffee bar arrive late on Android but desktop alerts are instant.,"Check that battery optimization is disabled for Northstar Relay, then refresh the device registration from Mobile settings.",Mobile device registration refreshed after battery optimization check.,2026-05-10T10:15:00Z,2026-05-10T11:05:00Z,mobile_app,technical_troubleshooting,"MIXED THREAD :: user=Push notifications for our coffee bar arrive late on Android but desktop alerts are instant. :: assistant=Check that battery optimization is disabled for Northstar Relay, then refresh the device registration from Mobile settings. :: outcome=Mobile device registration refreshed after battery optimization check.",keep,,,mixed_format_source
NR-0067,chat,A new teammate at the coffee bar cannot accept the invite after we changed domains.,"Cancel the pending invite, send a new invite to the current domain, and ask the teammate to open it in a private browser window.",Invite resent for the current domain and pending stale invite removed.,2026-05-11T11:15:00Z,2026-05-11T12:05:00Z,user_management,account_access,"Customer: A new teammate at the coffee bar cannot accept the invite after we changed domains.
Agent: Cancel the pending invite, send a new invite to the current domain, and ask the teammate to open it in a private browser window.
Resolution: Invite resent for the current domain and pending stale invite removed.",keep,,,
NR-0068,email,The coffee bar workspace shows appointments in the wrong local time.,"Set the workspace time zone under Settings, then refresh calendar sync so existing appointment cards display in the local time.",Workspace time zone corrected and calendar sync refreshed.,2026-05-12T12:15:00Z,2026-05-12T13:05:00Z,workspace_settings,configuration,"Subject: Northstar Relay support
Customer wrote: The coffee bar workspace shows appointments in the wrong local time.
Support replied: Set the workspace time zone under Settings, then refresh calendar sync so existing appointment cards display in the local time.",keep,,,
NR-0069,internal_note,Can we pin VIP customer messages for the coffee bar above the regular inbox queue?,"Add a VIP tag rule with priority inbox placement, then turn on pinned queue view for the support team.",VIP tag rule added and pinned queue view enabled.,2026-05-13T13:15:00Z,2026-05-13T14:05:00Z,inbox_routing,how_to,"Case note. Customer problem: Can we pin VIP customer messages for the coffee bar above the regular inbox queue? Support response: Add a VIP tag rule with priority inbox placement, then turn on pinned queue view for the support team. Outcome: VIP tag rule added and pinned queue view enabled.",keep,,,note_derived
NR-0070,mixed,Our reminder automation for the coffee bar sends twice when a customer replies quickly.,Add a condition that skips the reminder if the conversation received a customer reply after the trigger time.,Reminder automation updated with a reply-after-trigger condition.,2026-05-14T14:15:00Z,2026-05-14T15:05:00Z,automations,technical_troubleshooting,MIXED THREAD :: user=Our reminder automation for the coffee bar sends twice when a customer replies quickly. :: assistant=Add a condition that skips the reminder if the conversation received a customer reply after the trigger time. :: outcome=Reminder automation updated with a reply-after-trigger condition.,keep,,,mixed_format_source
NR-0071,mixed,Messages tagged callback for our bike shop still land in Unassigned after we changed the routing rule.,"Open Routing rules, move the callback rule above the catch-all rule, then run the preview against the last five messages before saving.",Rule order corrected; future callback messages route to the expected team.,2026-05-15T15:15:00Z,2026-05-15T16:05:00Z,inbox_routing,technical_troubleshooting,"MIXED THREAD :: user=Messages tagged callback for our bike shop still land in Unassigned after we changed the routing rule. :: assistant=Open Routing rules, move the callback rule above the catch-all rule, then run the preview against the last five messages before saving. :: outcome=Rule order corrected; future callback messages route to the expected team.",keep,,,mixed_format_source
NR-0072,chat,We need after-hours web leads for the bike shop to create a manager task and send an SMS summary.,"Create an automation with the after-hours schedule, add the task action first, then add the SMS summary action with the lead name and source fields.",After-hours automation configured with task creation and SMS summary.,2026-05-16T16:15:00Z,2026-05-16T17:05:00Z,automations,configuration,"Customer: We need after-hours web leads for the bike shop to create a manager task and send an SMS summary.
Agent: Create an automation with the after-hours schedule, add the task action first, then add the SMS summary action with the lead name and source fields.
Resolution: After-hours automation configured with task creation and SMS summary.",keep,,,
NR-0073,email,The invoice receipt for our bike shop shows the old billing contact name.,"Update the billing contact in Workspace billing, then regenerate the receipt from Billing history so the exported PDF uses the new name.",Billing contact updated and receipt regenerated from billing history.,2026-05-17T08:15:00Z,2026-05-17T09:05:00Z,billing,billing_question,"Subject: Northstar Relay support
Customer wrote: The invoice receipt for our bike shop shows the old billing contact name.
Support replied: Update the billing contact in Workspace billing, then regenerate the receipt from Billing history so the exported PDF uses the new name.",keep,,,
NR-0074,internal_note,Shopfront orders are not creating Relay tasks for the bike shop since yesterday.,"Reconnect the Shopfront integration, confirm task creation is enabled, and replay the failed order event from Integration logs.",Integration reconnected and failed order event replayed.,2026-05-18T09:15:00Z,2026-05-18T10:05:00Z,integrations,technical_troubleshooting,"Case note. Customer problem: Shopfront orders are not creating Relay tasks for the bike shop since yesterday. Support response: Reconnect the Shopfront integration, confirm task creation is enabled, and replay the failed order event from Integration logs. Outcome: Integration reconnected and failed order event replayed.",keep,,,note_derived
NR-0075,mixed,The weekly response report for the bike shop is missing closed chat conversations.,"Edit the report filter, include chat as a source, and set conversation status to closed plus resolved so the export matches support totals.",Report filter updated to include closed chat conversations.,2026-05-19T10:15:00Z,2026-05-19T11:05:00Z,reporting,how_to,"MIXED THREAD :: user=The weekly response report for the bike shop is missing closed chat conversations. :: assistant=Edit the report filter, include chat as a source, and set conversation status to closed plus resolved so the export matches support totals. :: outcome=Report filter updated to include closed chat conversations.",keep,,,mixed_format_source
NR-0076,chat,Push notifications for our bike shop arrive late on Android but desktop alerts are instant.,"Check that battery optimization is disabled for Northstar Relay, then refresh the device registration from Mobile settings.",Mobile device registration refreshed after battery optimization check.,2026-05-20T11:15:00Z,2026-05-20T12:05:00Z,mobile_app,technical_troubleshooting,"Customer: Push notifications for our bike shop arrive late on Android but desktop alerts are instant.
Agent: Check that battery optimization is disabled for Northstar Relay, then refresh the device registration from Mobile settings.
Resolution: Mobile device registration refreshed after battery optimization check.",keep,,,
NR-0077,email,A new teammate at the bike shop cannot accept the invite after we changed domains.,"Cancel the pending invite, send a new invite to the current domain, and ask the teammate to open it in a private browser window.",Invite resent for the current domain and pending stale invite removed.,2026-05-21T12:15:00Z,2026-05-21T13:05:00Z,user_management,account_access,"Subject: Northstar Relay support
Customer wrote: A new teammate at the bike shop cannot accept the invite after we changed domains.
Support replied: Cancel the pending invite, send a new invite to the current domain, and ask the teammate to open it in a private browser window.",keep,,,
NR-0078,internal_note,The bike shop workspace shows appointments in the wrong local time.,"Set the workspace time zone under Settings, then refresh calendar sync so existing appointment cards display in the local time.",Workspace time zone corrected and calendar sync refreshed.,2026-05-22T13:15:00Z,2026-05-22T14:05:00Z,workspace_settings,configuration,"Case note. Customer problem: The bike shop workspace shows appointments in the wrong local time. Support response: Set the workspace time zone under Settings, then refresh calendar sync so existing appointment cards display in the local time. Outcome: Workspace time zone corrected and calendar sync refreshed.",keep,,,note_derived
NR-0079,mixed,Can we pin VIP customer messages for the bike shop above the regular inbox queue?,"Add a VIP tag rule with priority inbox placement, then turn on pinned queue view for the support team.",VIP tag rule added and pinned queue view enabled.,2026-05-23T14:15:00Z,2026-05-23T15:05:00Z,inbox_routing,how_to,"MIXED THREAD :: user=Can we pin VIP customer messages for the bike shop above the regular inbox queue? :: assistant=Add a VIP tag rule with priority inbox placement, then turn on pinned queue view for the support team. :: outcome=VIP tag rule added and pinned queue view enabled.",keep,,,mixed_format_source
NR-0080,chat,Our reminder automation for the bike shop sends twice when a customer replies quickly.,Add a condition that skips the reminder if the conversation received a customer reply after the trigger time.,Reminder automation updated with a reply-after-trigger condition.,2026-05-24T15:15:00Z,2026-05-24T16:05:00Z,automations,technical_troubleshooting,"Customer: Our reminder automation for the bike shop sends twice when a customer replies quickly.
Agent: Add a condition that skips the reminder if the conversation received a customer reply after the trigger time.
Resolution: Reminder automation updated with a reply-after-trigger condition.",keep,,,
NR-0081,chat,Messages tagged billing for our florist still land in Unassigned after we changed the routing rule.,"Open Routing rules, move the billing rule above the catch-all rule, then run the preview against the last five messages before saving.",Rule order corrected; future billing messages route to the expected team.,2026-05-25T16:15:00Z,2026-05-25T17:05:00Z,inbox_routing,technical_troubleshooting,"Customer: Messages tagged billing for our florist still land in Unassigned after we changed the routing rule.
Agent: Open Routing rules, move the billing rule above the catch-all rule, then run the preview against the last five messages before saving.
Resolution: Rule order corrected; future billing messages route to the expected team.",keep,,,
NR-0082,email,We need after-hours web leads for the florist to create a manager task and send an SMS summary.,"Create an automation with the after-hours schedule, add the task action first, then add the SMS summary action with the lead name and source fields.",After-hours automation configured with task creation and SMS summary.,2026-05-26T08:15:00Z,2026-05-26T09:05:00Z,automations,configuration,"Subject: Northstar Relay support
Customer wrote: We need after-hours web leads for the florist to create a manager task and send an SMS summary.
Support replied: Create an automation with the after-hours schedule, add the task action first, then add the SMS summary action with the lead name and source fields.",keep,,,
NR-0083,internal_note,The invoice receipt for our florist shows the old billing contact name.,"Update the billing contact in Workspace billing, then regenerate the receipt from Billing history so the exported PDF uses the new name.",Billing contact updated and receipt regenerated from billing history.,2026-05-27T09:15:00Z,2026-05-27T10:05:00Z,billing,billing_question,"Case note. Customer problem: The invoice receipt for our florist shows the old billing contact name. Support response: Update the billing contact in Workspace billing, then regenerate the receipt from Billing history so the exported PDF uses the new name. Outcome: Billing contact updated and receipt regenerated from billing history.",keep,,,note_derived
NR-0084,mixed,Shopfront orders are not creating Relay tasks for the florist since yesterday.,"Reconnect the Shopfront integration, confirm task creation is enabled, and replay the failed order event from Integration logs.",Integration reconnected and failed order event replayed.,2026-05-28T10:15:00Z,2026-05-28T11:05:00Z,integrations,technical_troubleshooting,"MIXED THREAD :: user=Shopfront orders are not creating Relay tasks for the florist since yesterday. :: assistant=Reconnect the Shopfront integration, confirm task creation is enabled, and replay the failed order event from Integration logs. :: outcome=Integration reconnected and failed order event replayed.",keep,,,mixed_format_source
NR-0085,chat,The weekly response report for the florist is missing closed chat conversations.,"Edit the report filter, include chat as a source, and set conversation status to closed plus resolved so the export matches support totals.",Report filter updated to include closed chat conversations.,2026-05-01T11:15:00Z,2026-05-01T12:05:00Z,reporting,how_to,"Customer: The weekly response report for the florist is missing closed chat conversations.
Agent: Edit the report filter, include chat as a source, and set conversation status to closed plus resolved so the export matches support totals.
Resolution: Report filter updated to include closed chat conversations.",keep,,,
NR-0086,email,Push notifications for our florist arrive late on Android but desktop alerts are instant.,"Check that battery optimization is disabled for Northstar Relay, then refresh the device registration from Mobile settings.",Mobile device registration refreshed after battery optimization check.,2026-05-02T12:15:00Z,2026-05-02T13:05:00Z,mobile_app,technical_troubleshooting,"Subject: Northstar Relay support
Customer wrote: Push notifications for our florist arrive late on Android but desktop alerts are instant.
Support replied: Check that battery optimization is disabled for Northstar Relay, then refresh the device registration from Mobile settings.",keep,,,
NR-0087,internal_note,A new teammate at the florist cannot accept the invite after we changed domains.,"Cancel the pending invite, send a new invite to the current domain, and ask the teammate to open it in a private browser window.",Invite resent for the current domain and pending stale invite removed.,2026-05-03T13:15:00Z,2026-05-03T14:05:00Z,user_management,account_access,"Case note. Customer problem: A new teammate at the florist cannot accept the invite after we changed domains. Support response: Cancel the pending invite, send a new invite to the current domain, and ask the teammate to open it in a private browser window. Outcome: Invite resent for the current domain and pending stale invite removed.",keep,,,note_derived
NR-0088,mixed,The florist workspace shows appointments in the wrong local time.,"Set the workspace time zone under Settings, then refresh calendar sync so existing appointment cards display in the local time.",Workspace time zone corrected and calendar sync refreshed.,2026-05-04T14:15:00Z,2026-05-04T15:05:00Z,workspace_settings,configuration,"MIXED THREAD :: user=The florist workspace shows appointments in the wrong local time. :: assistant=Set the workspace time zone under Settings, then refresh calendar sync so existing appointment cards display in the local time. :: outcome=Workspace time zone corrected and calendar sync refreshed.",keep,,,mixed_format_source
NR-0089,chat,Can we pin VIP customer messages for the florist above the regular inbox queue?,"Add a VIP tag rule with priority inbox placement, then turn on pinned queue view for the support team.",VIP tag rule added and pinned queue view enabled.,2026-05-05T15:15:00Z,2026-05-05T16:05:00Z,inbox_routing,how_to,"Customer: Can we pin VIP customer messages for the florist above the regular inbox queue?
Agent: Add a VIP tag rule with priority inbox placement, then turn on pinned queue view for the support team.
Resolution: VIP tag rule added and pinned queue view enabled.",keep,,,
NR-0090,email,Our reminder automation for the florist sends twice when a customer replies quickly.,Add a condition that skips the reminder if the conversation received a customer reply after the trigger time.,Reminder automation updated with a reply-after-trigger condition.,2026-05-06T16:15:00Z,2026-05-06T17:05:00Z,automations,technical_troubleshooting,"Subject: Northstar Relay support
Customer wrote: Our reminder automation for the florist sends twice when a customer replies quickly.
Support replied: Add a condition that skips the reminder if the conversation received a customer reply after the trigger time.",keep,,,
NR-0091,email,Messages tagged urgent for our tax office still land in Unassigned after we changed the routing rule.,"Open Routing rules, move the urgent rule above the catch-all rule, then run the preview against the last five messages before saving.",Rule order corrected; future urgent messages route to the expected team.,2026-05-07T08:15:00Z,2026-05-07T09:05:00Z,inbox_routing,technical_troubleshooting,"Subject: Northstar Relay support
Customer wrote: Messages tagged urgent for our tax office still land in Unassigned after we changed the routing rule.
Support replied: Open Routing rules, move the urgent rule above the catch-all rule, then run the preview against the last five messages before saving.",keep,,,
NR-0092,internal_note,We need after-hours web leads for the tax office to create a manager task and send an SMS summary.,"Create an automation with the after-hours schedule, add the task action first, then add the SMS summary action with the lead name and source fields.",After-hours automation configured with task creation and SMS summary.,2026-05-08T09:15:00Z,2026-05-08T10:05:00Z,automations,configuration,"Case note. Customer problem: We need after-hours web leads for the tax office to create a manager task and send an SMS summary. Support response: Create an automation with the after-hours schedule, add the task action first, then add the SMS summary action with the lead name and source fields. Outcome: After-hours automation configured with task creation and SMS summary.",keep,,,note_derived
NR-0093,mixed,The invoice receipt for our tax office shows the old billing contact name.,"Update the billing contact in Workspace billing, then regenerate the receipt from Billing history so the exported PDF uses the new name.",Billing contact updated and receipt regenerated from billing history.,2026-05-09T10:15:00Z,2026-05-09T11:05:00Z,billing,billing_question,"MIXED THREAD :: user=The invoice receipt for our tax office shows the old billing contact name. :: assistant=Update the billing contact in Workspace billing, then regenerate the receipt from Billing history so the exported PDF uses the new name. :: outcome=Billing contact updated and receipt regenerated from billing history.",keep,,,mixed_format_source
NR-0094,chat,Shopfront orders are not creating Relay tasks for the tax office since yesterday.,"Reconnect the Shopfront integration, confirm task creation is enabled, and replay the failed order event from Integration logs.",Integration reconnected and failed order event replayed.,2026-05-10T11:15:00Z,2026-05-10T12:05:00Z,integrations,technical_troubleshooting,"Customer: Shopfront orders are not creating Relay tasks for the tax office since yesterday.
Agent: Reconnect the Shopfront integration, confirm task creation is enabled, and replay the failed order event from Integration logs.
Resolution: Integration reconnected and failed order event replayed.",keep,,,
NR-0095,email,The weekly response report for the tax office is missing closed chat conversations.,"Edit the report filter, include chat as a source, and set conversation status to closed plus resolved so the export matches support totals.",Report filter updated to include closed chat conversations.,2026-05-11T12:15:00Z,2026-05-11T13:05:00Z,reporting,how_to,"Subject: Northstar Relay support
Customer wrote: The weekly response report for the tax office is missing closed chat conversations.
Support replied: Edit the report filter, include chat as a source, and set conversation status to closed plus resolved so the export matches support totals.",keep,,,
NR-0096,internal_note,Push notifications for our tax office arrive late on Android but desktop alerts are instant.,"Check that battery optimization is disabled for Northstar Relay, then refresh the device registration from Mobile settings.",Mobile device registration refreshed after battery optimization check.,2026-05-12T13:15:00Z,2026-05-12T14:05:00Z,mobile_app,technical_troubleshooting,"Case note. Customer problem: Push notifications for our tax office arrive late on Android but desktop alerts are instant. Support response: Check that battery optimization is disabled for Northstar Relay, then refresh the device registration from Mobile settings. Outcome: Mobile device registration refreshed after battery optimization check.",keep,,,note_derived
NR-0097,mixed,A new teammate at the tax office cannot accept the invite after we changed domains.,"Cancel the pending invite, send a new invite to the current domain, and ask the teammate to open it in a private browser window.",Invite resent for the current domain and pending stale invite removed.,2026-05-13T14:15:00Z,2026-05-13T15:05:00Z,user_management,account_access,"MIXED THREAD :: user=A new teammate at the tax office cannot accept the invite after we changed domains. :: assistant=Cancel the pending invite, send a new invite to the current domain, and ask the teammate to open it in a private browser window. :: outcome=Invite resent for the current domain and pending stale invite removed.",keep,,,mixed_format_source
NR-0098,chat,The tax office workspace shows appointments in the wrong local time.,"Set the workspace time zone under Settings, then refresh calendar sync so existing appointment cards display in the local time.",Workspace time zone corrected and calendar sync refreshed.,2026-05-14T15:15:00Z,2026-05-14T16:05:00Z,workspace_settings,configuration,"Customer: The tax office workspace shows appointments in the wrong local time.
Agent: Set the workspace time zone under Settings, then refresh calendar sync so existing appointment cards display in the local time.
Resolution: Workspace time zone corrected and calendar sync refreshed.",keep,,,
NR-0099,email,Can we pin VIP customer messages for the tax office above the regular inbox queue?,"Add a VIP tag rule with priority inbox placement, then turn on pinned queue view for the support team.",VIP tag rule added and pinned queue view enabled.,2026-05-15T16:15:00Z,2026-05-15T17:05:00Z,inbox_routing,how_to,"Subject: Northstar Relay support
Customer wrote: Can we pin VIP customer messages for the tax office above the regular inbox queue?
Support replied: Add a VIP tag rule with priority inbox placement, then turn on pinned queue view for the support team.",keep,,,
NR-0100,internal_note,Our reminder automation for the tax office sends twice when a customer replies quickly.,Add a condition that skips the reminder if the conversation received a customer reply after the trigger time.,Reminder automation updated with a reply-after-trigger condition.,2026-05-16T08:15:00Z,2026-05-16T09:05:00Z,automations,technical_troubleshooting,Case note. Customer problem: Our reminder automation for the tax office sends twice when a customer replies quickly. Support response: Add a condition that skips the reminder if the conversation received a customer reply after the trigger time. Outcome: Reminder automation updated with a reply-after-trigger condition.,keep,,,note_derived
NR-0101,internal_note,Messages tagged wholesale for our dance school still land in Unassigned after we changed the routing rule.,"Open Routing rules, move the wholesale rule above the catch-all rule, then run the preview against the last five messages before saving.",Rule order corrected; future wholesale messages route to the expected team.,2026-05-17T09:15:00Z,2026-05-17T10:05:00Z,inbox_routing,technical_troubleshooting,"Case note. Customer problem: Messages tagged wholesale for our dance school still land in Unassigned after we changed the routing rule. Support response: Open Routing rules, move the wholesale rule above the catch-all rule, then run the preview against the last five messages before saving. Outcome: Rule order corrected; future wholesale messages route to the expected team.",keep,,,note_derived
NR-0102,mixed,We need after-hours web leads for the dance school to create a manager task and send an SMS summary.,"Create an automation with the after-hours schedule, add the task action first, then add the SMS summary action with the lead name and source fields.",After-hours automation configured with task creation and SMS summary.,2026-05-18T10:15:00Z,2026-05-18T11:05:00Z,automations,configuration,"MIXED THREAD :: user=We need after-hours web leads for the dance school to create a manager task and send an SMS summary. :: assistant=Create an automation with the after-hours schedule, add the task action first, then add the SMS summary action with the lead name and source fields. :: outcome=After-hours automation configured with task creation and SMS summary.",keep,,,mixed_format_source
NR-0103,chat,The invoice receipt for our dance school shows the old billing contact name.,"Update the billing contact in Workspace billing, then regenerate the receipt from Billing history so the exported PDF uses the new name.",Billing contact updated and receipt regenerated from billing history.,2026-05-19T11:15:00Z,2026-05-19T12:05:00Z,billing,billing_question,"Customer: The invoice receipt for our dance school shows the old billing contact name.
Agent: Update the billing contact in Workspace billing, then regenerate the receipt from Billing history so the exported PDF uses the new name.
Resolution: Billing contact updated and receipt regenerated from billing history.",keep,,,
NR-0104,email,Shopfront orders are not creating Relay tasks for the dance school since yesterday.,"Reconnect the Shopfront integration, confirm task creation is enabled, and replay the failed order event from Integration logs.",Integration reconnected and failed order event replayed.,2026-05-20T12:15:00Z,2026-05-20T13:05:00Z,integrations,technical_troubleshooting,"Subject: Northstar Relay support
Customer wrote: Shopfront orders are not creating Relay tasks for the dance school since yesterday.
Support replied: Reconnect the Shopfront integration, confirm task creation is enabled, and replay the failed order event from Integration logs.",keep,,,
NR-0105,internal_note,The weekly response report for the dance school is missing closed chat conversations.,"Edit the report filter, include chat as a source, and set conversation status to closed plus resolved so the export matches support totals.",Report filter updated to include closed chat conversations.,2026-05-21T13:15:00Z,2026-05-21T14:05:00Z,reporting,how_to,"Case note. Customer problem: The weekly response report for the dance school is missing closed chat conversations. Support response: Edit the report filter, include chat as a source, and set conversation status to closed plus resolved so the export matches support totals. Outcome: Report filter updated to include closed chat conversations.",keep,,,note_derived
NR-0106,mixed,Push notifications for our dance school arrive late on Android but desktop alerts are instant.,"Check that battery optimization is disabled for Northstar Relay, then refresh the device registration from Mobile settings.",Mobile device registration refreshed after battery optimization check.,2026-05-22T14:15:00Z,2026-05-22T15:05:00Z,mobile_app,technical_troubleshooting,"MIXED THREAD :: user=Push notifications for our dance school arrive late on Android but desktop alerts are instant. :: assistant=Check that battery optimization is disabled for Northstar Relay, then refresh the device registration from Mobile settings. :: outcome=Mobile device registration refreshed after battery optimization check.",keep,,,mixed_format_source
NR-0107,chat,A new teammate at the dance school cannot accept the invite after we changed domains.,"Cancel the pending invite, send a new invite to the current domain, and ask the teammate to open it in a private browser window.",Invite resent for the current domain and pending stale invite removed.,2026-05-23T15:15:00Z,2026-05-23T16:05:00Z,user_management,account_access,"Customer: A new teammate at the dance school cannot accept the invite after we changed domains.
Agent: Cancel the pending invite, send a new invite to the current domain, and ask the teammate to open it in a private browser window.
Resolution: Invite resent for the current domain and pending stale invite removed.",keep,,,
NR-0108,email,The dance school workspace shows appointments in the wrong local time.,"Set the workspace time zone under Settings, then refresh calendar sync so existing appointment cards display in the local time.",Workspace time zone corrected and calendar sync refreshed.,2026-05-24T16:15:00Z,2026-05-24T17:05:00Z,workspace_settings,configuration,"Subject: Northstar Relay support
Customer wrote: The dance school workspace shows appointments in the wrong local time.
Support replied: Set the workspace time zone under Settings, then refresh calendar sync so existing appointment cards display in the local time.",keep,,,
NR-0109,internal_note,Can we pin VIP customer messages for the dance school above the regular inbox queue?,"Add a VIP tag rule with priority inbox placement, then turn on pinned queue view for the support team.",VIP tag rule added and pinned queue view enabled.,2026-05-25T08:15:00Z,2026-05-25T09:05:00Z,inbox_routing,how_to,"Case note. Customer problem: Can we pin VIP customer messages for the dance school above the regular inbox queue? Support response: Add a VIP tag rule with priority inbox placement, then turn on pinned queue view for the support team. Outcome: VIP tag rule added and pinned queue view enabled.",keep,,,note_derived
NR-0110,mixed,Our reminder automation for the dance school sends twice when a customer replies quickly.,Add a condition that skips the reminder if the conversation received a customer reply after the trigger time.,Reminder automation updated with a reply-after-trigger condition.,2026-05-26T09:15:00Z,2026-05-26T10:05:00Z,automations,technical_troubleshooting,MIXED THREAD :: user=Our reminder automation for the dance school sends twice when a customer replies quickly. :: assistant=Add a condition that skips the reminder if the conversation received a customer reply after the trigger time. :: outcome=Reminder automation updated with a reply-after-trigger condition.,keep,,,mixed_format_source
NR-0111,mixed,Messages tagged callback for our catering team still land in Unassigned after we changed the routing rule.,"Open Routing rules, move the callback rule above the catch-all rule, then run the preview against the last five messages before saving.",Rule order corrected; future callback messages route to the expected team.,2026-05-27T10:15:00Z,2026-05-27T11:05:00Z,inbox_routing,technical_troubleshooting,"MIXED THREAD :: user=Messages tagged callback for our catering team still land in Unassigned after we changed the routing rule. :: assistant=Open Routing rules, move the callback rule above the catch-all rule, then run the preview against the last five messages before saving. :: outcome=Rule order corrected; future callback messages route to the expected team.",keep,,,mixed_format_source
NR-0112,chat,We need after-hours web leads for the catering team to create a manager task and send an SMS summary.,"Create an automation with the after-hours schedule, add the task action first, then add the SMS summary action with the lead name and source fields.",After-hours automation configured with task creation and SMS summary.,2026-05-28T11:15:00Z,2026-05-28T12:05:00Z,automations,configuration,"Customer: We need after-hours web leads for the catering team to create a manager task and send an SMS summary.
Agent: Create an automation with the after-hours schedule, add the task action first, then add the SMS summary action with the lead name and source fields.
Resolution: After-hours automation configured with task creation and SMS summary.",keep,,,
NR-0113,email,The invoice receipt for our catering team shows the old billing contact name.,"Update the billing contact in Workspace billing, then regenerate the receipt from Billing history so the exported PDF uses the new name.",Billing contact updated and receipt regenerated from billing history.,2026-05-01T12:15:00Z,2026-05-01T13:05:00Z,billing,billing_question,"Subject: Northstar Relay support
Customer wrote: The invoice receipt for our catering team shows the old billing contact name.
Support replied: Update the billing contact in Workspace billing, then regenerate the receipt from Billing history so the exported PDF uses the new name.",keep,,,
NR-0114,internal_note,Shopfront orders are not creating Relay tasks for the catering team since yesterday.,"Reconnect the Shopfront integration, confirm task creation is enabled, and replay the failed order event from Integration logs.",Integration reconnected and failed order event replayed.,2026-05-02T13:15:00Z,2026-05-02T14:05:00Z,integrations,technical_troubleshooting,"Case note. Customer problem: Shopfront orders are not creating Relay tasks for the catering team since yesterday. Support response: Reconnect the Shopfront integration, confirm task creation is enabled, and replay the failed order event from Integration logs. Outcome: Integration reconnected and failed order event replayed.",keep,,,note_derived
NR-0115,mixed,The weekly response report for the catering team is missing closed chat conversations.,"Edit the report filter, include chat as a source, and set conversation status to closed plus resolved so the export matches support totals.",Report filter updated to include closed chat conversations.,2026-05-03T14:15:00Z,2026-05-03T15:05:00Z,reporting,how_to,"MIXED THREAD :: user=The weekly response report for the catering team is missing closed chat conversations. :: assistant=Edit the report filter, include chat as a source, and set conversation status to closed plus resolved so the export matches support totals. :: outcome=Report filter updated to include closed chat conversations.",keep,,,mixed_format_source
NR-0116,chat,Push notifications for our catering team arrive late on Android but desktop alerts are instant.,"Check that battery optimization is disabled for Northstar Relay, then refresh the device registration from Mobile settings.",Mobile device registration refreshed after battery optimization check.,2026-05-04T15:15:00Z,2026-05-04T16:05:00Z,mobile_app,technical_troubleshooting,"Customer: Push notifications for our catering team arrive late on Android but desktop alerts are instant.
Agent: Check that battery optimization is disabled for Northstar Relay, then refresh the device registration from Mobile settings.
Resolution: Mobile device registration refreshed after battery optimization check.",keep,,,
NR-0117,email,A new teammate at the catering team cannot accept the invite after we changed domains.,"Cancel the pending invite, send a new invite to the current domain, and ask the teammate to open it in a private browser window.",Invite resent for the current domain and pending stale invite removed.,2026-05-05T16:15:00Z,2026-05-05T17:05:00Z,user_management,account_access,"Subject: Northstar Relay support
Customer wrote: A new teammate at the catering team cannot accept the invite after we changed domains.
Support replied: Cancel the pending invite, send a new invite to the current domain, and ask the teammate to open it in a private browser window.",keep,,,
NR-0118,internal_note,The catering team workspace shows appointments in the wrong local time.,"Set the workspace time zone under Settings, then refresh calendar sync so existing appointment cards display in the local time.",Workspace time zone corrected and calendar sync refreshed.,2026-05-06T08:15:00Z,2026-05-06T09:05:00Z,workspace_settings,configuration,"Case note. Customer problem: The catering team workspace shows appointments in the wrong local time. Support response: Set the workspace time zone under Settings, then refresh calendar sync so existing appointment cards display in the local time. Outcome: Workspace time zone corrected and calendar sync refreshed.",keep,,,note_derived
NR-0119,mixed,Can we pin VIP customer messages for the catering team above the regular inbox queue?,"Add a VIP tag rule with priority inbox placement, then turn on pinned queue view for the support team.",VIP tag rule added and pinned queue view enabled.,2026-05-07T09:15:00Z,2026-05-07T10:05:00Z,inbox_routing,how_to,"MIXED THREAD :: user=Can we pin VIP customer messages for the catering team above the regular inbox queue? :: assistant=Add a VIP tag rule with priority inbox placement, then turn on pinned queue view for the support team. :: outcome=VIP tag rule added and pinned queue view enabled.",keep,,,mixed_format_source
NR-0120,chat,Our reminder automation for the catering team sends twice when a customer replies quickly.,Add a condition that skips the reminder if the conversation received a customer reply after the trigger time.,Reminder automation updated with a reply-after-trigger condition.,2026-05-08T10:15:00Z,2026-05-08T11:05:00Z,automations,technical_troubleshooting,"Customer: Our reminder automation for the catering team sends twice when a customer replies quickly.
Agent: Add a condition that skips the reminder if the conversation received a customer reply after the trigger time.
Resolution: Reminder automation updated with a reply-after-trigger condition.",keep,,,
NR-0121,chat,Messages tagged billing for our bakery still keep landing in Unassigned after we changed the routing rule.,"Open Routing rules, move the billing rule above the catch-all rule, then run the preview against the last five messages before saving.",Rule order corrected; future billing messages route to the expected team.,2026-05-09T11:15:00Z,2026-05-09T12:05:00Z,inbox_routing,technical_troubleshooting,"Customer: Messages tagged billing for our bakery still keep landing in Unassigned after we changed the routing rule.
Agent: Open Routing rules, move the billing rule above the catch-all rule, then run the preview against the last five messages before saving.
Resolution: Rule order corrected; future billing messages route to the expected team.",review,near_duplicate,DUP-ROUTE-001,near_duplicate
NR-0122,email,Messages tagged billing for our bakery still land in Unassigned after we changed the routing rule.,"Open Routing rules, move the billing rule above the catch-all rule, then run the preview against the last five messages before saving.",Rule order corrected; future billing messages route to the expected team.,2026-05-10T12:15:00Z,2026-05-10T13:05:00Z,inbox_routing,technical_troubleshooting,"Subject: Northstar Relay support
Customer wrote: Messages tagged billing for our bakery still land in Unassigned after we changed the routing rule.
Support replied: Open Routing rules, move the billing rule above the catch-all rule, then run the preview against the last five messages before saving.",remove,exact_duplicate,DUP-ROUTE-001,exact_duplicate
NR-0123,internal_note,The invoice receipt for our clinic still shows the old billing contact name.,"Update the billing contact in Workspace billing, then regenerate the receipt from Billing history so the exported PDF uses the new name.",Billing contact updated and receipt regenerated from billing history.,2026-05-11T13:15:00Z,2026-05-11T14:05:00Z,billing,billing_question,"Case note. Customer problem: The invoice receipt for our clinic still shows the old billing contact name. Support response: Update the billing contact in Workspace billing, then regenerate the receipt from Billing history so the exported PDF uses the new name. Outcome: Billing contact updated and receipt regenerated from billing history.",review,near_duplicate,DUP-BILL-001,near_duplicate
NR-0124,mixed,The invoice receipt for our clinic shows the old billing contact name.,"Update the billing contact in Workspace billing, then regenerate the receipt from Billing history so the exported PDF uses the new name.",Billing contact updated and receipt regenerated from billing history.,2026-05-12T14:15:00Z,2026-05-12T15:05:00Z,billing,billing_question,"MIXED THREAD :: user=The invoice receipt for our clinic shows the old billing contact name. :: assistant=Update the billing contact in Workspace billing, then regenerate the receipt from Billing history so the exported PDF uses the new name. :: outcome=Billing contact updated and receipt regenerated from billing history.",remove,exact_duplicate,DUP-BILL-001,exact_duplicate
NR-0125,chat,,The report filter was updated.,,2026-05-13T15:15:00Z,2026-05-13T16:05:00Z,reporting,how_to,"Customer:
Agent: The report filter was updated.
Resolution:",review,missing_customer_context,,missing_customer_context
NR-0126,email,Northstar Relay did not behave as expected.,Please share the affected workflow and timestamp so support can verify.,,2026-05-14T16:15:00Z,2026-05-14T17:05:00Z,mobile_app,escalation,"Subject: Northstar Relay support
Customer wrote: Northstar Relay did not behave as expected.
Support replied: Please share the affected workflow and timestamp so support can verify.",review,missing_resolution_context,,missing_resolution_context
NR-0127,internal_note,Notifications stopped after...,"Please check mobile settings, then",,2026-05-15T08:15:00Z,2026-05-15T09:05:00Z,mobile_app,technical_troubleshooting,"Case note. Customer problem: Notifications stopped after... Support response: Please check mobile settings, then Outcome:",review,truncated_message,,truncated
NR-0128,mixed,Northstar Relay did not behave as expected.,Please share the affected workflow and timestamp so support can verify.,,bad-timestamp,bad-timestamp,workspace_settings,how_to,MIXED THREAD :: user=Northstar Relay did not behave as expected. :: assistant=Please share the affected workflow and timestamp so support can verify. :: outcome=,review,malformed_timestamp,,malformed_timestamp
NR-0129,chat,Relay is not doing the thing from yesterday.,Can you share which workflow or inbox this concerns?,,2026-05-17T10:15:00Z,2026-05-17T11:05:00Z,inbox_routing,configuration,"Customer: Relay is not doing the thing from yesterday.
Agent: Can you share which workflow or inbox this concerns?
Resolution:",review,ambiguous_customer_goal,,ambiguous
NR-0130,email,A former employee still appears in our workspace.,I will escalate this to account security for review.,,2026-05-18T11:15:00Z,2026-05-18T12:05:00Z,user_management,escalation,"Subject: Northstar Relay support
Customer wrote: A former employee still appears in our workspace.
Support replied: I will escalate this to account security for review.",review,escalation_required,,needs_human_review
NR-0131,internal_note,Northstar Relay did not behave as expected.,Please share the affected workflow and timestamp so support can verify.,,2026-05-19T12:15:00Z,2026-05-19T13:05:00Z,billing,configuration,Case note. Customer problem: Northstar Relay did not behave as expected. Support response: Please share the affected workflow and timestamp so support can verify. Outcome:,review,internal_note_only,,missing_customer_context
NR-0132,mixed,Northstar Relay did not behave as expected.,Please share the affected workflow and timestamp so support can verify.,,2026-05-20T13:15:00Z,2026-05-20T14:05:00Z,integrations,escalation,MIXED THREAD :: user=Northstar Relay did not behave as expected. :: assistant=Please share the affected workflow and timestamp so support can verify. :: outcome=,review,partial_mixed_format,,missing_resolution_context
NR-0133,chat,Northstar Relay did not behave as expected.,Please share the affected workflow and timestamp so support can verify.,,bad-timestamp,bad-timestamp,reporting,technical_troubleshooting,"Customer: Northstar Relay did not behave as expected.
Agent: Please share the affected workflow and timestamp so support can verify.
Resolution:",review,malformed_timestamp,,malformed_timestamp
NR-0134,email,Relay is not doing the thing from yesterday.,Can you share which workflow or inbox this concerns?,,2026-05-22T15:15:00Z,2026-05-22T16:05:00Z,inbox_routing,configuration,"Subject: Northstar Relay support
Customer wrote: Relay is not doing the thing from yesterday.
Support replied: Can you share which workflow or inbox this concerns?",review,ambiguous_product_area,,ambiguous
NR-0135,internal_note,Please refund the last invoice today.,A billing specialist must verify the request.,,2026-05-23T16:15:00Z,2026-05-23T17:05:00Z,billing,escalation,Case note. Customer problem: Please refund the last invoice today. Support response: A billing specialist must verify the request. Outcome:,review,billing_action_requires_human,,needs_human_review
NR-0136,mixed,Can you suggest lunch ideas for the team?,,,2026-05-24T08:15:00Z,2026-05-24T09:05:00Z,workspace_settings,configuration,MIXED THREAD :: user=Can you suggest lunch ideas for the team? :: assistant= :: outcome=,remove,off_topic_content,,unsupported
NR-0137,chat,,,,2026-05-25T09:15:00Z,2026-05-25T10:05:00Z,workspace_settings,configuration,"Customer:
Agent:
Resolution:",remove,spam_or_test_record,,unsupported
NR-0138,email,Northstar Relay did not behave as expected.,,,2026-05-26T10:15:00Z,2026-05-26T11:05:00Z,automations,escalation,"Subject: Northstar Relay support
Customer wrote: Northstar Relay did not behave as expected.
Support replied:",remove,no_support_response,,missing_response
NR-0139,internal_note,Can Relay tell me if this contract is legally enforceable?,,,2026-05-27T11:15:00Z,2026-05-27T12:05:00Z,billing,billing_question,Case note. Customer problem: Can Relay tell me if this contract is legally enforceable? Support response: Outcome:,remove,unsupported_legal_request,,unsupported
NR-0140,mixed,,,,2026-05-28T12:15:00Z,2026-05-28T13:05:00Z,workspace_settings,configuration,MIXED THREAD :: user= :: assistant= :: outcome=,remove,empty_transcript,,missing_customer_context
NR-0141,chat,The integration is failing again.,,,2026-05-01T13:15:00Z,2026-05-01T14:05:00Z,integrations,technical_troubleshooting,"Customer: The integration is failing again.
Agent:
Resolution:",remove,customer_only_thread,,missing_response
NR-0142,email,,The report filter was updated.,,2026-05-02T14:15:00Z,2026-05-02T15:05:00Z,reporting,how_to,"Subject: Northstar Relay support
Customer wrote:
Support replied: The report filter was updated.",remove,assistant_only_note,,missing_customer_context
NR-0143,internal_note,Northstar Relay did not behave as expected.,,,2026-05-03T15:15:00Z,2026-05-03T16:05:00Z,user_management,configuration,Case note. Customer problem: Northstar Relay did not behave as expected. Support response: Outcome:,remove,external_product_request,,unsupported
NR-0144,mixed,Northstar Relay did not behave as expected.,,,2026-05-04T16:15:00Z,2026-05-04T17:05:00Z,workspace_settings,escalation,MIXED THREAD :: user=Northstar Relay did not behave as expected. :: assistant= :: outcome=,remove,training_unsuitable_rant,,unsupported
NR-0145,chat,Northstar Relay did not behave as expected.,,,bad-timestamp,bad-timestamp,inbox_routing,technical_troubleshooting,"Customer: Northstar Relay did not behave as expected.
Agent:
Resolution:",remove,malformed_without_context,,malformed_timestamp|missing_response
NR-0146,email,Can you suggest lunch ideas for the team?,,,2026-05-06T09:15:00Z,2026-05-06T10:05:00Z,workspace_settings,configuration,"Subject: Northstar Relay support
Customer wrote: Can you suggest lunch ideas for the team?
Support replied:",remove,off_topic_content,,unsupported
NR-0147,internal_note,Northstar Relay did not behave as expected.,,,2026-05-07T10:15:00Z,2026-05-07T11:05:00Z,billing,billing_question,Case note. Customer problem: Northstar Relay did not behave as expected. Support response: Outcome:,remove,no_customer_problem,,missing_customer_context
NR-0148,mixed,Write a custom scraper for another vendor portal.,,,2026-05-08T11:15:00Z,2026-05-08T12:05:00Z,integrations,how_to,MIXED THREAD :: user=Write a custom scraper for another vendor portal. :: assistant= :: outcome=,remove,unsupported_custom_code,,unsupported
NR-0149,chat,The invoice receipt for our clinic shows the old billing contact name.,"Update the billing contact in Workspace billing, then regenerate the receipt from Billing history so the exported PDF uses the new name.",Billing contact updated and receipt regenerated from billing history.,2026-05-09T12:15:00Z,2026-05-09T13:05:00Z,billing,billing_question,"Customer: The invoice receipt for our clinic shows the old billing contact name.
Agent: Update the billing contact in Workspace billing, then regenerate the receipt from Billing history so the exported PDF uses the new name.
Resolution: Billing contact updated and receipt regenerated from billing history.",remove,duplicate_without_resolution,DUP-BILL-001,exact_duplicate|missing_response
NR-0150,email,A former employee still appears in our workspace.,I will escalate this to account security for review.,,2026-05-10T13:15:00Z,2026-05-10T14:05:00Z,user_management,escalation,"Subject: Northstar Relay support
Customer wrote: A former employee still appears in our workspace.
Support replied: I will escalate this to account security for review.",review,ambiguous_escalation,,ambiguous|needs_human_review
NR-0151,internal_note,Notifications stopped after...,"Please check mobile settings, then",,2026-05-11T14:15:00Z,2026-05-11T15:05:00Z,mobile_app,technical_troubleshooting,"Case note. Customer problem: Notifications stopped after... Support response: Please check mobile settings, then Outcome:",review,truncated_message,,truncated
NR-0152,mixed,Northstar Relay did not behave as expected.,Please share the affected workflow and timestamp so support can verify.,,2026-05-12T15:15:00Z,2026-05-12T16:05:00Z,workspace_settings,how_to,MIXED THREAD :: user=Northstar Relay did not behave as expected. :: assistant=Please share the affected workflow and timestamp so support can verify. :: outcome=,review,missing_resolution_context,,missing_resolution_context
